INSERT INTO KORHAZ VALUES ("K1","SZENT FERENC KORHAZ","BUDAPEST",1021,"SZÉHER ÚT",73);
INSERT INTO KORHAZ VALUES ("K2","SEMMELWEIS KORHAZ","MISKOLC",3529,"CSABAI KAPU",9);
INSERT INTO KORHAZ VALUES ("K3","PETZ ALADAR KORHAZ","GYOR",9023,"VASVARI PAL UTCA",24);
INSERT INTO KORHAZ VALUES ("K4","KENEZY KORHAZ","DEBRECEN",4031,"BARTOK BELA UT",26);
INSERT INTO KORHAZ VALUES ("K5","BARANYA MEGYEI KORHAZ","PECS",7623,"RAKOCZI UT",2);
INSERT INTO ASSZISZTENS VALUES ("374887HA","KOVACS VILMA","DELELOTT","06-20/123-4567",1121,"BUDAPEST","MÁTYÁS UTCA",23,"K1");
INSERT INTO ASSZISZTENS VALUES ("629674HH","LAKATOS JULIETTE","DELUTAN","06-70/456-3578",3530,"MISKOLC","ZOLTAN UTCA",14,"K2");
INSERT INTO ASSZISZTENS VALUES ("739759KN","KLEIN DALMA","REGGEL","06-30/739-5672",9030,"GYOR","VÖRÖSMARTY UTCA",12,"K3");
INSERT INTO ASSZISZTENS VALUES ("244444BD","HOBORTOS JANKA","DELUTAN","06-70/492-4792",7601,"DEBRECEN","MIKSZATH KALMAN UT",2,"K4");
INSERT INTO ASSZISZTENS VALUES ("839573SD","ASZTALOS ARANKA","DELELOTT","06-20/335-2222",4031,"PECS","FELSZABADITOK UT",8,"K5");
INSERT INTO VERADO VALUES ("568-134-735","365936HA","HOFEHÉR ILONA","55","AB+",1284,"BUDAPEST","TOLOM UTCA",44,"374887HA");
INSERT INTO VERADO VALUES ("235-524-233","639475AH","NAGY JANOS","34","B",8399,"GYOR","SARKANY UT",6,"739759KN");
INSERT INTO VERADO VALUES ("237-579-428","175936GH","HORVATH PETER","32","0-",8362,"DEBRECEN","KEK UT",8,"244444BD");
INSERT INTO VERADO VALUES ("347-328-322","275937KL","LAKATOS GYÖNGYI","54","B+",3333,"DEBRECEN","OLAJ UTCA",65,"244444BD");
INSERT INTO VERADO VALUES ("274-547-367","164926PL","KIS KATALIN","18","0+",7382,"PECS","BOLOND UTCA",23,"839573SD");
INSERT INTO VERADO VALUES ("283-298-328","639462XD","TOMPA ISTVAN","18","A-",3827,"MISKOLC","ZEBRA UTCA",77,"629674HH");
INSERT INTO VERADO VALUES ("595-958-555","793733UI","BARTA ZSOLT","40","AB+",5628,"DEBRECEN","TYUK UT",21,"244444BD");
INSERT INTO VERADO VALUES ("283-283-327","738262QW","BERENYI MIKLOS","43","0+",2618,"BUDAPEST","JÓZSEF UTCA",13,"374887HA");
INSERT INTO VERADO VALUES ("293-283-298","999999OO","BERENYI ANDRÁS","39","AB-",2612,"BUDAPEST","ZOLD UTCA",4,"374887HA");
INSERT INTO VERADO VALUES ("783-333-432","343434RT","KERTESZ GEZA","22","A-",3572,"MISKOLC","RÓZSA UTCA",54,"629674HH");
INSERT INTO VERADO VALUES ("374-854-379","362836CV","NOVAK LASZLO","56","A+",7392,"PECS","TILOS UT",43,"839573SD");
INSERT INTO VERADO VALUES ("333-444-555","838588TZ","PAROS IMRE","19","A+",3422,"MISKOLC","PIAC UTCA",23,"629674HH");
INSERT INTO VERADO VALUES ("465-536-634","638473SD","PIROS VIRAG","21","B+",8362,"GYOR","IBOLYA UT",4,"739759KN");
INSERT INTO VER VALUES ("V1","2012.10.11.","A+","2012.12.12.","374-854-379","999-998-997");
INSERT INTO VER VALUES ("V2","2011.10.03.","A+","2011.12.03.","333-444-555","999-998-997");
INSERT INTO VER VALUES ("V3","2010.08.20.","A-","2010.10.13","783-333-432","888-887-886");
INSERT INTO VER VALUES ("V4","2010.08.21.","A-","2010.10.03","283-298-328","888-887-886");
INSERT INTO VER VALUES ("V5","2011.01.05.","B+","2011.03.07","465-536-634","777-776-775");
INSERT INTO VER VALUES ("V6","2011.01.23.","B+","2011.03.12","347-328-322","777-776-775");
INSERT INTO VER VALUES ("V7","2012.11.16.","B-","2013.01.01","235-524-233","666-665-664");
INSERT INTO VER VALUES ("V8","2010.01.16","AB+","2011.05.12","595-958-555","555-554-553");
INSERT INTO VER VALUES ("V9","2011.03.26","AB+","2011.05.12","568-134-735","555-554-553");
INSERT INTO VER VALUES ("V10","2003.11.26","AB-","2004.05.12","293-283-298","444-443-442");
INSERT INTO VER VALUES ("V11","2010.09.12.","0+","2010.11.12","283-283-327","245-234-234");
INSERT INTO VER VALUES ("V12","2010.03.12.","0+","2010.05.12","274-547-367","245-234-234");
INSERT INTO VER VALUES ("V13","2010.12.23","0-","2011.02.02","237-579-428","333-332-331");
INSERT INTO BETEGEK VALUES ("999-998-997","KISS PISTA","111111AA","A+",2392,"MEZOCSAT","HUNYADI UTCA",15,"ANEMIA");
INSERT INTO BETEGEK VALUES("888-887-886","COVEK MARIANN","222222BB","A-",2384,"TISZALUC","SAROS UTCA",34,"LABSERULES");
INSERT INTO BETEGEK VALUES("777-776-775","ZAMBOR JOZSEF","333333CC","B+",2923,"PECS","PATAK UT",23,"GYOMORVERZES");
INSERT INTO BETEGEK VALUES("666-665-664","HABUK ADAM","444444DD","B-",4567,"NYIREGYHAZA","FOCI UTCA",45,"CSIPOPROTEZIS");
INSERT INTO BETEGEK VALUES("555-554-553","LIPTAI TUNDE","555555EE","AB+",3556,"BUDAPEST","BUDA UT",23,"VERSZEKELES");
INSERT INTO BETEGEK VALUES("444-443-442","POCOK KRISZTINA","666666FF","AB-",2456,"BUDAPEST","TUNDER UT",99,"GARAT GYULLADAS");
INSERT INTO BETEGEK VALUES("333-332-331","LILA LILLA","777777GG","0-",2345,"SZEKESFEHERVAR","KACSA UT",12,"SCHOKKOS ALLAPOT");
INSERT INTO BETEGEK VALUES("245-234-234","PAPP DAVID","888888HH","0+",4555,"GYOR","TEPERTO UT",26,"UJSZULOTTKORI ANEMIA");
INSERT INTO SZOLGALTATAS VALUES("TUDOSZURES","MELEG ETKEZESI","K1","283-283-327");
INSERT INTO SZOLGALTATAS VALUES("SZEMVIZSGALAT","HIDEG ETKEZESI","K2","293-283-298");
INSERT INTO SZOLGALTATAS VALUES("VERCUKORSZINT MERES","MELEG ETKEZESI","K3","783-333-432");
INSERT INTO SZOLGALTATAS VALUES("HEMOGLOBIN MERES","HIDEG ETKETESI","K4","374-854-379");
INSERT INTO SZOLGALTATAS VALUES("HAJ VIZSGALAT","MELEG ETKEZESI","K5","333-444-555");
INSERT INTO SZOLGALTATAS VALUES("FUL VIZSGALAT","MELEG ETKEZESI","K1","465-536-634");
INSERT INTO SZOLGALTATAS VALUES("KOROM VIZSGALAT","MELEG ETKEZESI","K2","568-134-735");
INSERT INTO SZOLGALTATAS VALUES("NEMI BETEGSEG","MELEG ETKEZESI","K3","235-524-233");
INSERT INTO SZOLGALTATAS VALUES("SZEMPILLA VIZSGALAT","MELEG ETKEZESI","K4","347-328-322");
INSERT INTO SZOLGALTATAS VALUES("FOGSZUVASODAS","HIDEG ETKETESI","K5","237-579-428");
INSERT INTO SZOLGALTATAS VALUES("RETINA VIZSGALAT","HIDEG ETKETESI","K1","274-547-367");
INSERT INTO SZOLGALTATAS VALUES("MANDULA VIZSGALAT","HIDEG ETKETESI","K2","283-298-328");
INSERT INTO SZOLGALTATAS VALUES("ORTOPEDIA VIZSGALAT","HIDEG ETKETESI","K3","595-958-555");